id,clientId,accountType,balance
87,81,CREDIT,7.11
29,64,DEBIT,69.85
60,88,DEBIT,27.4
90,85,CREDIT,44.3
67,19,CREDIT,61.37
15,61,CREDIT,5.13
59,94,DEBIT,76.95
6,33,CREDIT,16.71
45,49,DEBIT,46.21
65,1,DEBIT,66.09
39,59,CREDIT,45.85
77,48,CREDIT,33.07
32,75,CREDIT,82.14
96,81,CREDIT,50.91
41,4,DEBIT,94.81
27,8,DEBIT,40.41
45,47,DEBIT,76.58
28,90,CREDIT,10.21
26,14,CREDIT,10.87
26,26,CREDIT,97.97
99,8,DEBIT,10.42
62,24,CREDIT,49.17
35,7,CREDIT,68.96
25,89,CREDIT,34.29
58,100,CREDIT,82.76
11,3,DEBIT,3.94
51,26,DEBIT,86.01
13,69,CREDIT,94.6
89,29,CREDIT,54.59
37,22,DEBIT,38.95
73,92,DEBIT,81.6
9,34,CREDIT,70.14
6,81,DEBIT,2.68
61,63,CREDIT,54.72
12,2,DEBIT,21.96
77,77,CREDIT,98.75
58,59,DEBIT,39.25
98,68,DEBIT,73.59
43,57,DEBIT,57.65
88,6,DEBIT,43.8
65,2,CREDIT,14.0
4,89,CREDIT,87.88
16,33,CREDIT,64.51
70,46,CREDIT,16.24
31,11,CREDIT,57.9
57,47,DEBIT,81.34
72,90,CREDIT,3.94
59,56,DEBIT,94.17
99,67,DEBIT,25.33
98,64,DEBIT,34.6
66,2,CREDIT,99.38
24,5,CREDIT,4.83
0,95,CREDIT,53.41
35,38,CREDIT,72.43
53,47,DEBIT,47.1
87,92,DEBIT,69.18
68,16,CREDIT,18.12
17,31,CREDIT,50.86
22,83,CREDIT,42.67
85,21,DEBIT,3.93
84,65,DEBIT,93.19
64,85,CREDIT,86.75
13,1,DEBIT,50.06
11,13,CREDIT,12.42
95,38,CREDIT,30.58
33,85,DEBIT,83.78
3,65,DEBIT,75.91
64,69,CREDIT,96.09
67,96,CREDIT,36.06
86,99,DEBIT,81.04
86,46,CREDIT,49.45
39,75,CREDIT,98.05
23,45,DEBIT,58.55
46,71,CREDIT,73.76
100,61,DEBIT,62.29
46,9,DEBIT,13.83
25,21,DEBIT,77.73
97,87,DEBIT,32.64
54,84,CREDIT,85.31
32,43,CREDIT,77.87
17,17,DEBIT,33.44
91,70,DEBIT,18.29
56,99,CREDIT,87.54
2,87,DEBIT,86.12
15,82,DEBIT,92.99
75,34,DEBIT,89.37
81,58,CREDIT,80.02
89,41,CREDIT,95.47
68,55,DEBIT,25.07
47,19,DEBIT,67.36
19,6,DEBIT,19.58
92,38,CREDIT,53.47
32,19,DEBIT,55.76
96,53,DEBIT,4.65
4,82,CREDIT,3.01
58,42,DEBIT,88.5
31,12,CREDIT,59.44
6,49,CREDIT,54.19
66,3,CREDIT,94.71
3,27,CREDIT,4.6
55,32,DEBIT,76.63
69,61,CREDIT,93.56
5,52,DEBIT,77.5
45,30,DEBIT,76.27
17,40,DEBIT,85.82
16,76,CREDIT,35.95
41,63,DEBIT,95.98
2,91,DEBIT,25.39
62,87,DEBIT,82.87
27,53,DEBIT,6.51
67,2,DEBIT,7.31
27,0,CREDIT,98.82
85,53,CREDIT,38.89
67,75,CREDIT,83.8
17,84,DEBIT,41.78
16,61,CREDIT,46.55
92,50,DEBIT,7.25
39,56,DEBIT,55.53
35,51,DEBIT,85.01
35,36,CREDIT,16.04
34,63,CREDIT,86.23
100,26,CREDIT,94.18
70,21,CREDIT,81.85
92,30,DEBIT,71.75
23,78,CREDIT,33.16
24,3,DEBIT,79.12
56,11,DEBIT,82.65
3,39,DEBIT,81.02
78,34,CREDIT,19.73
6,86,CREDIT,70.99
1,46,DEBIT,70.4
77,8,CREDIT,51.85
3,70,CREDIT,74.57
58,61,DEBIT,22.13
65,64,DEBIT,87.78
49,34,CREDIT,80.13
49,68,CREDIT,86.35
9,13,CREDIT,2.61
5,72,DEBIT,31.17
18,40,CREDIT,98.71
81,18,DEBIT,47.68
14,93,CREDIT,81.96
11,62,DEBIT,61.36
67,73,DEBIT,2.76
70,7,DEBIT,36.86
99,74,CREDIT,70.6
20,6,DEBIT,94.9
55,77,CREDIT,4.75
8,70,DEBIT,39.27
33,77,CREDIT,10.54
1,11,CREDIT,69.02
43,91,DEBIT,29.72
3,25,DEBIT,19.02
91,80,CREDIT,30.54
7,14,DEBIT,14.83
100,68,DEBIT,14.98
18,98,CREDIT,92.93
21,60,CREDIT,65.14
25,43,CREDIT,18.6
65,38,DEBIT,28.75
16,44,CREDIT,2.85
51,17,CREDIT,36.55
16,82,CREDIT,99.92
96,43,DEBIT,64.26
21,46,DEBIT,65.36
66,59,DEBIT,31.78
71,94,CREDIT,73.69
88,24,DEBIT,43.64
54,41,CREDIT,13.26
93,59,CREDIT,51.05
43,81,DEBIT,45.29
39,38,CREDIT,88.56
57,22,CREDIT,7.28
23,11,CREDIT,70.08
26,33,CREDIT,35.25
7,91,CREDIT,1.17
76,54,CREDIT,25.82
35,41,DEBIT,54.05
48,42,DEBIT,44.07
57,10,CREDIT,62.65
48,100,CREDIT,76.99
36,51,DEBIT,66.64
30,30,CREDIT,16.62
82,54,CREDIT,68.65
67,72,CREDIT,49.98
0,93,DEBIT,9.2
86,25,CREDIT,47.35
91,36,DEBIT,77.98
67,53,CREDIT,87.91
31,39,DEBIT,4.24
25,40,DEBIT,42.15
28,65,DEBIT,11.31
15,30,CREDIT,41.56
42,13,DEBIT,48.08
89,5,DEBIT,92.56
66,9,DEBIT,72.26
83,51,CREDIT,78.22
55,97,CREDIT,92.6
56,23,CREDIT,98.07
27,18,CREDIT,36.59
90,0,CREDIT,80.67
30,53,DEBIT,13.94
78,12,CREDIT,24.55
100,17,CREDIT,50.53
32,16,CREDIT,44.1
52,99,CREDIT,43.29
6,49,CREDIT,65.02
3,67,DEBIT,89.26
99,70,CREDIT,51.21
86,58,DEBIT,1.22
29,99,DEBIT,31.07
84,3,CREDIT,81.75
31,25,CREDIT,62.47
74,63,DEBIT,69.28
80,71,DEBIT,93.17
6,47,DEBIT,28.7
47,71,CREDIT,21.29
5,58,CREDIT,98.19
49,42,DEBIT,20.2
20,86,DEBIT,56.46
50,98,DEBIT,31.22
57,92,CREDIT,57.95
49,5,CREDIT,66.18
41,94,CREDIT,14.67
93,86,CREDIT,59.83
87,54,CREDIT,59.28
81,57,CREDIT,80.41
79,38,CREDIT,0.3
91,13,DEBIT,83.71
23,24,DEBIT,29.15
82,63,DEBIT,29.88
45,19,DEBIT,74.97
68,67,CREDIT,10.38
88,52,DEBIT,79.1
76,26,DEBIT,57.07
13,97,CREDIT,54.87
49,76,CREDIT,96.16
60,66,CREDIT,34.92
62,66,DEBIT,51.73
23,65,DEBIT,63.95
59,14,CREDIT,64.39
19,96,CREDIT,49.39
66,73,CREDIT,11.47
77,56,CREDIT,51.44
39,45,CREDIT,3.86
91,3,DEBIT,94.09
54,67,DEBIT,90.14
20,86,CREDIT,93.98
26,37,DEBIT,20.69
47,7,DEBIT,16.43
71,9,DEBIT,43.18
54,94,CREDIT,41.39
37,57,CREDIT,42.62
88,100,CREDIT,11.64
96,22,CREDIT,17.3
32,4,DEBIT,23.29
21,56,CREDIT,97.81
39,78,DEBIT,52.94
72,7,CREDIT,56.07
21,93,DEBIT,99.29
0,71,DEBIT,30.11
43,39,DEBIT,15.48
37,53,CREDIT,80.13
29,39,DEBIT,88.65
50,13,CREDIT,17.33
15,35,DEBIT,94.0
63,60,DEBIT,28.13
4,38,DEBIT,9.82
45,96,CREDIT,4.84
61,53,DEBIT,35.48
67,7,DEBIT,46.83
57,86,CREDIT,45.86
74,46,CREDIT,27.36
27,35,CREDIT,61.08
41,25,CREDIT,23.68
43,45,CREDIT,93.37
94,86,CREDIT,56.5
15,12,DEBIT,66.0
94,17,CREDIT,93.6
33,63,DEBIT,32.56
12,66,CREDIT,61.79
27,75,CREDIT,20.34
64,37,CREDIT,93.11
32,16,CREDIT,21.62
28,70,DEBIT,19.61
13,44,CREDIT,14.89
12,25,DEBIT,63.47
52,52,DEBIT,54.52
25,61,CREDIT,5.09
92,38,CREDIT,88.08
72,61,DEBIT,59.76
67,42,DEBIT,78.72
85,74,DEBIT,0.84
98,87,DEBIT,52.18
74,12,DEBIT,60.79
53,56,DEBIT,70.37
67,34,DEBIT,25.68
87,86,DEBIT,17.43
40,57,CREDIT,59.35
96,0,CREDIT,97.07
25,49,CREDIT,79.3
17,88,CREDIT,67.24
25,64,CREDIT,99.01
74,32,CREDIT,74.27
47,40,DEBIT,83.26
80,47,CREDIT,66.07
80,2,CREDIT,74.42
5,37,DEBIT,44.56
75,91,DEBIT,14.4
81,86,DEBIT,70.61
71,44,CREDIT,13.35
70,22,DEBIT,35.16
45,25,DEBIT,39.41
99,87,CREDIT,31.59
65,5,DEBIT,86.62
41,55,DEBIT,38.16
84,61,DEBIT,79.79
68,21,DEBIT,80.53
98,76,CREDIT,18.67
5,81,CREDIT,61.35
8,32,DEBIT,2.57
69,45,CREDIT,6.35
78,11,CREDIT,44.57
11,96,CREDIT,26.32
29,25,DEBIT,43.98
16,40,CREDIT,16.09
48,81,CREDIT,42.98
90,9,CREDIT,84.68
22,28,CREDIT,65.4
38,45,CREDIT,54.62
6,49,DEBIT,57.18
65,24,DEBIT,69.21
12,88,CREDIT,92.37
94,37,DEBIT,29.36
8,89,DEBIT,4.98
39,1,CREDIT,26.7
25,99,DEBIT,67.89
32,29,DEBIT,9.51
83,54,CREDIT,83.4
57,91,CREDIT,47.91
44,33,DEBIT,62.55
59,65,DEBIT,70.53
0,11,CREDIT,92.7
15,61,DEBIT,99.79
18,65,CREDIT,71.9
95,57,CREDIT,99.47
87,4,DEBIT,53.79
45,21,DEBIT,77.25
79,49,CREDIT,68.62
35,53,CREDIT,51.76
61,19,CREDIT,83.66
70,4,CREDIT,65.61
34,66,CREDIT,58.6
93,18,DEBIT,65.31
7,85,CREDIT,53.94
78,96,DEBIT,18.93
65,55,CREDIT,33.39
94,91,CREDIT,98.88
25,8,DEBIT,73.55
10,73,DEBIT,25.21
33,58,CREDIT,77.99
97,99,CREDIT,75.21
2,58,DEBIT,16.41
30,52,CREDIT,19.27
100,47,CREDIT,29.73
11,33,CREDIT,23.6
86,26,DEBIT,10.22
77,14,DEBIT,73.59
62,92,CREDIT,76.05
49,1,CREDIT,91.65
27,66,DEBIT,21.49
11,80,DEBIT,22.13
42,34,DEBIT,12.26
2,98,DEBIT,27.29
94,54,CREDIT,35.78
90,54,CREDIT,37.58
23,75,CREDIT,91.81
83,56,CREDIT,77.39
54,13,CREDIT,24.64
21,5,DEBIT,35.14
59,23,DEBIT,73.01
6,63,DEBIT,15.07
98,76,DEBIT,64.27
80,61,CREDIT,32.72
74,70,DEBIT,98.07
86,78,CREDIT,4.42
93,7,CREDIT,20.41
19,94,CREDIT,93.15
84,62,CREDIT,15.68
27,64,CREDIT,64.4
100,29,DEBIT,58.63
97,99,DEBIT,77.48
100,0,CREDIT,59.38
95,49,CREDIT,50.08
30,63,DEBIT,57.48
58,54,DEBIT,2.08
42,9,DEBIT,69.08
45,88,DEBIT,99.5
74,86,CREDIT,82.77
2,42,DEBIT,99.57
17,0,CREDIT,51.98
62,23,CREDIT,61.17
81,65,DEBIT,67.11
90,100,DEBIT,64.13
43,98,CREDIT,47.28
76,78,DEBIT,63.34
33,89,CREDIT,62.18
8,7,CREDIT,19.51
68,78,DEBIT,85.65
78,66,CREDIT,85.58
97,4,CREDIT,86.45
2,78,CREDIT,76.12
21,57,DEBIT,46.67
34,91,DEBIT,76.66
12,91,DEBIT,91.78
57,38,DEBIT,66.87
88,40,CREDIT,33.95
78,52,DEBIT,29.44
29,8,CREDIT,72.37
19,12,CREDIT,84.48
84,93,CREDIT,33.76
85,79,CREDIT,37.21
83,8,DEBIT,15.12
54,3,DEBIT,21.91
63,10,CREDIT,45.03
86,53,CREDIT,78.47
46,36,DEBIT,24.41
67,60,CREDIT,69.67
43,19,CREDIT,86.18
66,82,DEBIT,64.88
97,99,CREDIT,10.05
85,21,DEBIT,32.69
93,88,DEBIT,81.91
80,29,CREDIT,95.96
69,87,CREDIT,53.5
16,82,CREDIT,60.43
11,12,DEBIT,33.44
69,81,CREDIT,21.75
20,92,DEBIT,86.4
46,14,DEBIT,23.79
84,38,DEBIT,50.17
56,90,CREDIT,39.92
91,72,CREDIT,98.8
6,41,CREDIT,37.39
45,33,CREDIT,71.33
53,65,DEBIT,82.84
17,49,DEBIT,29.39
0,28,DEBIT,79.7
55,27,CREDIT,31.08
25,97,DEBIT,98.07
33,59,CREDIT,74.54
90,19,DEBIT,38.74
36,75,CREDIT,51.76
81,93,DEBIT,71.62
5,44,DEBIT,15.54
83,9,CREDIT,61.36
40,21,DEBIT,55.37
21,69,DEBIT,36.19
57,98,CREDIT,52.53
90,49,CREDIT,17.34
85,26,DEBIT,97.06
65,34,CREDIT,49.71
61,20,DEBIT,84.88
97,12,DEBIT,51.97
32,20,CREDIT,84.33
3,27,CREDIT,78.4
0,40,DEBIT,62.66
88,47,CREDIT,44.42
59,74,CREDIT,16.35
74,33,CREDIT,30.56
47,42,DEBIT,50.47
98,0,DEBIT,96.5
20,44,DEBIT,31.5
83,16,DEBIT,88.34
6,5,DEBIT,59.02
44,0,DEBIT,59.16
65,24,DEBIT,63.17
20,0,DEBIT,72.61
96,21,DEBIT,71.39
69,7,CREDIT,84.44
42,34,CREDIT,37.07
99,80,DEBIT,91.08
16,46,DEBIT,75.37
14,47,DEBIT,19.96
28,28,CREDIT,64.24
59,44,CREDIT,31.3
37,77,CREDIT,19.72
49,77,DEBIT,49.33
83,61,DEBIT,24.35
2,74,DEBIT,45.97
47,41,CREDIT,44.09
32,94,CREDIT,88.39
18,76,DEBIT,63.7
89,53,CREDIT,19.55
83,87,DEBIT,11.69
50,6,DEBIT,20.99
26,55,CREDIT,17.65
30,75,DEBIT,24.95
83,22,DEBIT,30.05
75,27,CREDIT,39.13
42,9,CREDIT,21.4
58,9,CREDIT,18.84
89,46,DEBIT,19.68
29,59,CREDIT,9.83
34,85,CREDIT,87.41
94,6,DEBIT,66.52
97,45,CREDIT,92.39
34,39,CREDIT,38.12
75,48,DEBIT,23.97
18,99,DEBIT,39.68
22,56,CREDIT,26.4
13,72,CREDIT,51.93
46,50,CREDIT,76.83
1,47,DEBIT,22.71
68,13,CREDIT,40.69
65,20,DEBIT,61.65
58,35,DEBIT,29.85
13,77,DEBIT,60.61
72,29,CREDIT,11.02
1,31,DEBIT,55.82
52,62,CREDIT,10.35
44,47,CREDIT,39.88
79,0,CREDIT,69.0
50,87,CREDIT,5.66
75,72,DEBIT,81.28
8,60,DEBIT,15.86
88,57,CREDIT,46.0
39,89,DEBIT,95.51
47,73,CREDIT,91.41
89,58,DEBIT,60.93
71,70,CREDIT,94.63
100,7,CREDIT,32.34
49,47,CREDIT,58.22
37,37,DEBIT,46.26
0,66,DEBIT,35.31
67,32,CREDIT,48.97
72,52,DEBIT,53.08
24,0,DEBIT,11.45
68,97,DEBIT,19.38
54,49,DEBIT,3.47
40,76,DEBIT,71.87
96,81,DEBIT,77.81
0,94,DEBIT,37.77
9,81,DEBIT,16.13
89,44,DEBIT,62.48
68,27,DEBIT,31.62
65,40,DEBIT,0.76
26,78,CREDIT,43.35
20,83,CREDIT,77.08
48,16,DEBIT,0.46
40,22,CREDIT,66.88
4,8,DEBIT,19.8
32,84,CREDIT,53.11
80,71,DEBIT,69.77
34,100,CREDIT,14.08
16,52,CREDIT,8.13
60,86,CREDIT,98.91
46,33,CREDIT,87.13
98,1,CREDIT,84.71
6,56,DEBIT,89.59
44,31,CREDIT,51.36
35,34,DEBIT,18.45
40,23,CREDIT,56.3
45,37,CREDIT,86.44
37,2,CREDIT,25.42
64,49,CREDIT,36.27
2,96,DEBIT,0.14
64,73,DEBIT,19.58
84,82,DEBIT,41.65
23,53,CREDIT,80.42
70,68,CREDIT,79.62
68,12,CREDIT,84.83
19,95,CREDIT,67.57
62,29,DEBIT,32.78
70,86,CREDIT,32.56
64,53,DEBIT,0.83
28,8,CREDIT,79.78
12,93,DEBIT,74.42
57,37,CREDIT,10.39
56,26,CREDIT,35.55
78,90,CREDIT,66.12
20,43,CREDIT,42.43
41,16,DEBIT,51.61
81,69,DEBIT,50.5
96,28,CREDIT,5.93
96,21,CREDIT,36.45
60,23,CREDIT,10.2
9,31,DEBIT,92.36
54,94,CREDIT,31.74
44,93,DEBIT,61.38
16,59,CREDIT,65.41
85,42,CREDIT,80.01
29,10,CREDIT,18.87
19,48,CREDIT,67.68
64,52,DEBIT,34.66
96,9,DEBIT,61.23
54,35,DEBIT,29.56
90,20,CREDIT,94.65
35,36,DEBIT,71.31
78,36,DEBIT,82.34
43,75,CREDIT,66.43
10,78,DEBIT,53.33
45,45,DEBIT,23.51
26,48,DEBIT,2.07
9,100,CREDIT,30.97
87,31,DEBIT,2.86
32,37,CREDIT,56.74
42,54,CREDIT,66.25
62,86,CREDIT,27.88
23,90,CREDIT,92.72
17,9,CREDIT,75.61
92,19,DEBIT,20.17
29,54,CREDIT,99.12
96,83,DEBIT,80.53
36,68,DEBIT,85.91
56,88,CREDIT,8.99
55,90,CREDIT,43.38
63,53,DEBIT,73.55
82,74,DEBIT,1.87
8,12,DEBIT,51.41
76,63,DEBIT,96.75
15,8,DEBIT,67.52
82,8,DEBIT,45.87
49,37,CREDIT,72.58
24,69,CREDIT,80.88
86,90,DEBIT,16.52
83,85,CREDIT,32.3
36,76,CREDIT,67.53
74,0,DEBIT,59.09
0,0,CREDIT,58.86
26,5,DEBIT,47.72
82,28,DEBIT,86.12
47,21,DEBIT,63.67
49,55,DEBIT,36.35
70,66,DEBIT,13.7
85,5,DEBIT,15.12
68,49,CREDIT,67.93
38,56,DEBIT,87.99
38,8,DEBIT,35.43
14,91,CREDIT,28.23
71,93,CREDIT,46.4
78,22,CREDIT,47.39
0,54,CREDIT,19.63
81,25,DEBIT,10.83
12,58,CREDIT,26.11
54,87,DEBIT,14.53
31,69,DEBIT,41.31
66,0,CREDIT,32.51
67,28,DEBIT,6.88
36,12,CREDIT,36.23
91,8,DEBIT,80.25
25,9,DEBIT,76.16
32,17,CREDIT,67.59
23,94,CREDIT,69.32
35,39,DEBIT,21.93
51,38,DEBIT,74.01
72,65,DEBIT,86.43
98,19,DEBIT,8.94
48,9,DEBIT,47.3
92,75,DEBIT,55.7
13,88,CREDIT,1.66
37,9,CREDIT,67.32
97,73,DEBIT,82.1
45,85,DEBIT,7.54
18,19,CREDIT,32.59
68,41,CREDIT,16.02
45,14,DEBIT,27.61
14,80,CREDIT,21.83
67,17,CREDIT,31.6
52,89,DEBIT,42.46
98,36,DEBIT,34.75
78,82,CREDIT,3.49
15,89,DEBIT,16.15
50,70,CREDIT,75.27
41,51,DEBIT,17.09
52,7,DEBIT,79.33
2,22,DEBIT,8.14
66,4,DEBIT,85.68
15,8,CREDIT,33.58
43,35,DEBIT,49.07
18,97,DEBIT,60.97
93,87,DEBIT,4.19
38,45,DEBIT,93.1
59,95,CREDIT,73.23
85,33,DEBIT,72.58
66,6,DEBIT,66.12
75,57,CREDIT,6.82
6,80,CREDIT,55.38
45,6,DEBIT,85.94
10,92,CREDIT,5.61
62,31,CREDIT,7.57
16,55,DEBIT,95.6
28,34,CREDIT,35.95
83,39,CREDIT,32.83
65,27,DEBIT,48.61
5,0,DEBIT,36.83
68,52,DEBIT,42.29
73,79,DEBIT,49.53
36,14,DEBIT,23.72
53,58,DEBIT,83.67
51,2,CREDIT,14.84
76,93,DEBIT,12.47
18,11,DEBIT,36.32
93,73,DEBIT,28.88
23,45,DEBIT,68.24
5,44,DEBIT,21.7
13,63,DEBIT,36.58
57,59,DEBIT,11.66
70,70,CREDIT,40.93
90,25,CREDIT,69.07
52,33,CREDIT,49.21
50,63,CREDIT,37.68
50,55,CREDIT,10.27
23,71,CREDIT,29.78
50,47,CREDIT,27.49
17,26,CREDIT,63.58
99,93,CREDIT,98.05
80,100,DEBIT,36.16
66,37,DEBIT,44.42
48,84,DEBIT,35.24
18,57,CREDIT,65.63
31,11,DEBIT,0.39
93,2,CREDIT,65.25
11,11,CREDIT,6.14
87,71,CREDIT,53.42
78,87,CREDIT,35.78
26,25,DEBIT,19.99
21,0,CREDIT,86.87
77,75,DEBIT,25.34
65,29,CREDIT,34.37
35,34,DEBIT,75.13
100,83,CREDIT,86.73
77,1,CREDIT,45.83
69,19,DEBIT,38.68
23,95,CREDIT,14.08
42,22,CREDIT,30.77
95,51,DEBIT,69.08
58,59,DEBIT,9.75
57,68,DEBIT,54.78
30,31,DEBIT,53.62
61,47,CREDIT,50.98
51,91,DEBIT,19.42
51,97,CREDIT,70.26
79,3,CREDIT,68.65
46,14,CREDIT,93.72
69,30,CREDIT,69.96
50,84,DEBIT,54.68
32,40,CREDIT,97.23
49,70,DEBIT,57.93
89,32,CREDIT,40.76
17,12,DEBIT,71.98
72,30,DEBIT,42.14
5,54,DEBIT,99.02
14,68,DEBIT,34.26
33,36,DEBIT,71.27
6,10,CREDIT,82.91
60,70,CREDIT,1.13
57,35,CREDIT,25.64
96,43,CREDIT,64.78
50,69,DEBIT,94.74
51,74,DEBIT,37.25
47,41,DEBIT,21.27
96,22,CREDIT,23.87
81,97,CREDIT,67.33
3,46,CREDIT,7.23
64,97,DEBIT,47.06
52,0,CREDIT,6.61
93,49,DEBIT,89.97
47,24,CREDIT,89.98
68,53,CREDIT,33.56
17,16,CREDIT,6.04
72,10,DEBIT,16.52
23,1,CREDIT,48.78
43,32,DEBIT,42.24
65,65,DEBIT,85.02
75,45,DEBIT,18.64
11,78,CREDIT,0.06
4,10,DEBIT,33.91
42,90,DEBIT,26.36
24,82,CREDIT,97.36
79,28,DEBIT,69.29
94,91,DEBIT,52.1
60,55,CREDIT,87.36
9,47,CREDIT,78.44
37,38,CREDIT,5.71
96,1,DEBIT,78.05
36,53,CREDIT,11.03
7,89,CREDIT,42.66
12,1,DEBIT,24.78
69,87,CREDIT,99.93
18,13,DEBIT,79.29
74,48,CREDIT,34.98
57,38,DEBIT,97.01
100,16,CREDIT,67.12
25,58,DEBIT,40.99
81,81,DEBIT,8.74
75,3,CREDIT,7.87
94,27,DEBIT,79.46
4,7,DEBIT,55.14
5,66,DEBIT,63.96
18,44,DEBIT,38.39
71,64,DEBIT,50.56
52,99,CREDIT,15.53
92,5,CREDIT,22.91
33,51,DEBIT,93.66
83,7,CREDIT,47.48
3,31,CREDIT,85.45
100,3,CREDIT,58.32
78,63,DEBIT,16.0
19,93,CREDIT,51.41
42,49,CREDIT,50.63
33,2,CREDIT,77.78
86,9,DEBIT,81.83
46,12,DEBIT,22.96
2,68,DEBIT,83.34
10,16,CREDIT,39.46
96,42,DEBIT,58.25
25,20,DEBIT,72.58
99,2,DEBIT,12.82
16,61,CREDIT,25.34
95,91,CREDIT,89.14
9,20,CREDIT,96.44
64,37,CREDIT,77.9
95,61,CREDIT,14.55
59,66,CREDIT,79.02
3,9,DEBIT,18.47
12,97,CREDIT,75.96
9,70,DEBIT,43.12
39,7,DEBIT,5.29
39,13,CREDIT,11.64
29,68,DEBIT,18.34
67,2,DEBIT,78.0
88,17,CREDIT,87.59
42,7,CREDIT,49.95
12,69,DEBIT,83.47
62,54,CREDIT,85.99
75,66,DEBIT,41.51
73,45,DEBIT,47.35
83,75,CREDIT,34.18
31,52,DEBIT,68.65
64,70,DEBIT,6.57
30,42,CREDIT,58.76
71,72,CREDIT,95.41
96,61,DEBIT,11.72
100,56,DEBIT,76.3
31,34,CREDIT,79.32
1,85,CREDIT,47.55
65,58,DEBIT,56.53
96,99,DEBIT,9.05
55,85,DEBIT,83.55
37,75,CREDIT,19.29
46,84,DEBIT,69.2
87,58,CREDIT,63.45
43,1,DEBIT,44.04
42,17,CREDIT,77.37
77,51,DEBIT,64.27
15,44,DEBIT,47.92
6,69,DEBIT,16.56
68,52,DEBIT,60.45
80,43,CREDIT,37.54
76,87,DEBIT,47.74
39,26,CREDIT,52.87
84,24,DEBIT,5.14
26,25,CREDIT,69.06
15,71,CREDIT,35.79
40,8,CREDIT,0.02
3,38,CREDIT,26.21
82,100,DEBIT,35.27
66,7,DEBIT,83.04
91,14,DEBIT,56.33
28,85,DEBIT,96.41
9,69,CREDIT,84.62
17,23,DEBIT,7.35
55,93,CREDIT,90.88
80,35,DEBIT,51.06
93,68,DEBIT,26.92
5,52,DEBIT,37.45
76,65,DEBIT,35.78
24,20,DEBIT,69.53
29,37,DEBIT,67.83
65,76,CREDIT,5.24
76,91,CREDIT,35.45
64,76,CREDIT,68.19
7,17,CREDIT,26.65
36,3,CREDIT,32.92
96,26,CREDIT,92.7
27,69,DEBIT,56.29
89,86,DEBIT,86.27
48,52,DEBIT,81.16
30,68,CREDIT,50.8
84,82,CREDIT,85.0
60,22,DEBIT,6.54
18,22,CREDIT,52.29
42,32,CREDIT,22.72
45,69,DEBIT,36.06
55,36,CREDIT,17.61
73,14,DEBIT,91.77
29,82,CREDIT,17.36
90,56,DEBIT,32.48
29,18,DEBIT,91.24
45,76,DEBIT,75.93
24,74,DEBIT,10.54
39,90,CREDIT,61.9
76,35,DEBIT,63.22
32,34,DEBIT,44.71
2,78,DEBIT,78.43
100,45,CREDIT,68.62
39,19,DEBIT,40.53
81,7,DEBIT,61.95
80,57,CREDIT,53.4
75,83,DEBIT,39.14
29,11,CREDIT,78.18
70,69,DEBIT,39.6
88,70,CREDIT,18.19
58,90,DEBIT,41.98
81,81,CREDIT,92.86
24,82,CREDIT,54.7
50,28,DEBIT,34.71
23,91,CREDIT,86.69
55,27,CREDIT,45.85
54,67,CREDIT,49.71
86,49,CREDIT,34.44
11,51,CREDIT,13.18
81,81,DEBIT,59.46
62,30,CREDIT,27.56
28,60,CREDIT,58.58
89,70,CREDIT,60.05
37,56,DEBIT,49.35
57,73,DEBIT,82.65
87,69,DEBIT,46.76
93,81,CREDIT,17.59
29,44,CREDIT,27.06
40,61,DEBIT,95.31
35,75,DEBIT,73.48
80,33,DEBIT,56.99
9,31,DEBIT,20.34
32,17,DEBIT,68.3
3,41,DEBIT,63.45
94,86,DEBIT,28.6
42,11,DEBIT,97.85
23,2,CREDIT,28.12
52,72,DEBIT,27.54
83,93,DEBIT,34.44
49,42,DEBIT,22.96
99,90,CREDIT,57.76
65,41,CREDIT,70.86
42,33,CREDIT,61.05
65,10,CREDIT,8.73
100,57,CREDIT,62.01
89,87,DEBIT,98.93
85,44,DEBIT,32.62
41,3,CREDIT,27.54
25,7,CREDIT,82.36
28,33,CREDIT,53.35
22,63,DEBIT,45.78
53,22,CREDIT,77.95
87,99,CREDIT,12.84
100,4,CREDIT,35.88
69,80,CREDIT,68.91
60,59,DEBIT,59.74
25,89,CREDIT,96.74
99,80,DEBIT,56.21
25,71,CREDIT,11.69
31,17,CREDIT,32.31
69,26,CREDIT,32.35
65,99,DEBIT,19.77
78,45,CREDIT,56.81
6,47,CREDIT,21.48
48,72,DEBIT,35.61
55,60,DEBIT,15.39
67,12,DEBIT,80.06
22,51,CREDIT,9.91
52,94,CREDIT,54.97
41,70,CREDIT,61.04
78,51,DEBIT,19.31
19,46,DEBIT,23.59
26,37,CREDIT,73.62
94,58,DEBIT,61.86
42,3,CREDIT,9.27
22,14,DEBIT,35.26
49,60,CREDIT,76.01
22,66,CREDIT,45.61
52,0,CREDIT,89.89
73,34,CREDIT,75.93
95,73,CREDIT,10.78
25,71,DEBIT,17.48
11,63,DEBIT,6.18
30,81,DEBIT,12.2
60,38,CREDIT,16.96
61,1,CREDIT,75.11
60,90,DEBIT,20.37
66,98,DEBIT,78.85
78,70,CREDIT,61.14
92,59,DEBIT,81.33
81,60,DEBIT,69.66
91,49,DEBIT,36.29
22,18,DEBIT,40.64
47,52,CREDIT,74.35
71,97,DEBIT,35.27
22,91,CREDIT,26.06
